句子,作者,書名,頁碼
努力不一定有收穫，但不努力一定有公文。,原創,,
你不是在上班，你是在用青春兌換退休金。,原創,,
今天的會議，本來可以是一封信，但它選擇佔用你的人生。,原創,,
倒數退休的第一步：先撐過這個星期。,原創,,
薪水會準時入帳，你的元氣不會。,原創,,
心靈雞湯喝多了會膩，不如喝杯咖啡，反正你也沒得選。,原創,,
每個「很快就好」背後，都是一整個下午。,原創,,
別擔心沒人懂你的辛苦，薪資單會替你記帳。,原創,,
公文會自己長大，就像你的黑眼圈。,原創,,
今天不想努力，那就明天再不想。,原創,,
研習證書印得再漂亮，也換不回那一天。,原創,,
放假前的最後一堂課，是全校最長的時間。,原創,,
你不是累，你只是還沒到退休。,原創,,
週一的存在，是為了讓週五更有價值。,原創,,
加班不會變強，只會變晚。,原創,,
能用複製貼上解決的事，就別用靈魂解決。,原創,,
把熱情留給退休，現在先保持穩定輸出。,原創,,
不要問我為什麼笑，我在倒數。,原創,,
有些群組訊息，已讀就是一種修行。,原創,,
每個月的發薪日，都是最溫柔的鼓勵。,原創,,
網路突然斷線的時候，你才是全校最需要被拯救的人。,原創,,
重開機能解決九成問題，剩下一成要靠泡茶。,原創,,
密碼忘了沒關係，反正你也不想登入。,原創,,
下班前十分鐘出現的需求，是專門測試你的信仰。,原創,,
世上沒有解決不了的事，只有還沒收到的通知。,原創,,
今天也辛苦了，明天也是。,原創,,
心情不好就去洗手，順便把負能量沖掉。,原創,,
努力不會背叛你，但行政流程可能會。,原創,,
把「我盡力了」當成口頭禪，通常很有用。,原創,,
睡眠是最便宜的福利，請善用。,原創,,
午休時間不夠，夢想倒是很長。,原創,,
退休後的第一件事，是不再回覆「收到」。,原創,,
時間不等人，但排程永遠在等你。,原創,,
每一次說「沒問題」，都是未來的你在流淚。,原創,,
咖啡因是最堅定的盟友，從不問你為什麼。,原創,,
你以為是在傳承，其實是在補位。,原創,,
別灰心，今天的錯誤，明天會變成經驗，後天會變成笑話。,原創,,
計畫趕不上變化，變化趕不上公文。,原創,,
把所有「再說」整理起來，就是你的人生待辦。,原創,,
十年之後回頭看，大部分的急件都不急。,原創,,
提醒自己：你是人，不是印表機。,原創,,
現在不想動，不是懶，是在保存退休後的活力。,原創,,
聽說快樂要自己給，那可以預支嗎？,原創,,
倒數的每一天，都是好好活過的證據。,原創,,
會議紀錄寫得再詳細，也記不下你的心聲。,原創,,
能準時下班的日子，要記得歡呼。,原創,,
深呼吸，數到十，再決定要不要回信。,原創,,
你做的所有努力，系統都會記得，只是不一定會讚賞。,原創,,
做事的時候像專業，放空的時候像神仙。,原創,,
所謂彈性，就是你有彈性，別人沒有。,原創,,
今天的目標：活著下班。,原創,,
先把自己活好，再去拯救世界，世界可以等。,原創,,
與其焦慮明天，不如先焦慮晚餐。,原創,,
離退休還有一段距離，但離週末只剩幾個小時。,原創,,
把眼前的難關當成遊戲關卡，通關就有薪水。,原創,,
專業就是：明明很想崩潰，還是把表格填完。,原創,,
辛苦是一時的，退休金（希望）是一輩子的。,原創,,
認真你就輸了，但不認真你會被扣考績。,原創,,
好消息：今天又結束了。壞消息：明天會再來。,原創,,
退休倒數中，請保持冷靜，保持微笑，保持存款。,原創,,
